Order ID,first_name,last_name,email,gender,Product,Product Category,Amount,
1,Morganne,Gerler,mgerler0@wufoo.com,Female,Nike Air Max,Mobiles,"$1,414.86 ",
2,Nollie,Jakab,njakab2@diigo.com,Male,Nike Air Max,Laptop,$277.91 ,
3,Austin,Relph,arelph3@etsy.com,Female,Amazon Echo,mobile accesories,"$1,155.54 ",
4,Kessia,Carrett,kcarrett4@uol.com.br,Female,Nike Air Max,mobile accesories,$32.36 ,
5,Brod,Fallen,bfallen5@yahoo.co.jp,Male,Sony PlayStation,Fashion,$888.05 ,
6,Louisette,Beche,lbeche7@devhub.com,Female,MacBook Pro,Laptop,$359.21 ,
7,Hiram,Fridd,hfridd8@arstechnica.com,Male,Fitbit Charge,Fashion,"$1,461.50 ",
8,Slade,Kealey,skealey9@flavors.me,Male,MacBook Pro,Fashion,"$1,361.21 ",
9,Hilarius,Deeprose,hdeeprosea@furl.net,Male,Nike Air Max,Gaming,$997.24 ,
10,Gilbertine,Spyvye,gspyvyeb@list-manage.com,Female,iPhone,Laptop,$772.93 ,
11,Analiese,Camoys,acamoysc@tripadvisor.com,Female,Nike Air Max,Health,$689.87 ,
12,Cecelia,Fellenor,cfellenord@cbsnews.com,Genderqueer,Canon EOS,Mobiles,"$1,480.74 ",
13,Slade,Tatershall,statershalle@wufoo.com,Male,MacBook Pro,Gaming,$337.74 ,
14,Angie,Petrillo,apetrillof@weebly.com,Male,iPhone,Mobiles,$429.29 ,
15,Stavro,La Vigne,slavigneg@youku.com,Male,Sony PlayStation,Gaming,$478.92 ,
16,Antoine,Crosdill,acrosdillh@mlb.com,Male,Sony PlayStation,Laptop,$363.68 ,
17,Isis,Jenkins,ijenkinsi@cnbc.com,Female,Fitbit Charge,Health,$670.87 ,
18,Ruggiero,Cavan,rcavanj@omniture.com,Male,Samsung Galaxy,Gaming,$350.09 ,
19,Edsel,Crichton,ecrichtonk@ucoz.ru,Bigender,Fitbit Charge,Fashion,$238.62 ,
20,Lynette,Wilcox,lwilcoxl@china.com.cn,Female,MacBook Pro,Mobiles,$546.21 ,
21,Desiri,Marcome,dmarcomen@etsy.com,Female,Amazon Echo,mobile accesories,$990.86 ,
22,Arty,Bartleman,abartlemano@bravesites.com,Male,Sony PlayStation,mobile accesories,$81.66 ,
23,Norby,Hazleton,nhazletonp@intel.com,Male,MacBook Pro,Health,"$1,390.09 ",
24,Agosto,Boribal,aboribalq@sphinn.com,Male,MacBook Pro,Health,$908.34 ,
25,Graham,Weedall,gweedallr@mashable.com,Male,MacBook Pro,Fashion,$525.08 ,
26,Nan,Cattemull,ncattemulls@angelfire.com,Female,Nike Air Max,Health,$252.84 ,
27,Kimberlyn,Semour,ksemourt@blog.com,Polygender,Amazon Echo,Health,"$1,075.52 ",
28,Leda,Kelshaw,lkelshawv@list-manage.com,Non-binary,Nike Air Max,Health,$311.22 ,
29,Marcelia,Lickorish,mlickorishw@timesonline.co.uk,Female,MacBook Pro,Health,"$1,426.61 ",
30,Miguel,Readshall,mreadshallx@goo.ne.jp,Genderqueer,Fitbit Charge,Fashion,$919.72 ,
31,Adele,MacNamara,amacnamaray@xing.com,Female,Nintendo Switch,mobile accesories,$995.97 ,
32,Shaine,Ayto,saytoz@businessweek.com,Male,Amazon Echo,Health,$223.65 ,
33,Vanda,Nannoni,vnannoni10@vistaprint.com,Female,Amazon Echo,Mobiles,$823.32 ,
34,Rolfe,Gobbet,rgobbet11@google.cn,Male,iPhone,Mobiles,$51.38 ,
35,Gilles,Conniam,gconniam12@mit.edu,Male,Amazon Echo,Health,$939.70 ,
36,Filmore,Freshwater,ffreshwater13@bizjournals.com,Male,Fitbit Charge,mobile accesories,$547.27 ,
37,Raquela,Shevill,rshevill14@naver.com,Female,iPhone,Laptop,"$1,397.88 ",
38,Karalee,Pennacci,kpennacci15@comsenz.com,Female,Nike Air Max,Fashion,"$1,480.33 ",
39,Sharron,Orth,sorth16@purevolume.com,Female,Fitbit Charge,mobile accesories,$304.07 ,
40,Burke,St. Quentin,bstquentin17@over-blog.com,Male,Nike Air Max,Laptop,$655.92 ,
41,Kelvin,Haddick,khaddick18@sciencedaily.com,Male,Sony PlayStation,Laptop,$538.26 ,
42,Darren,Farries,dfarries19@wufoo.com,Male,Nintendo Switch,Fashion,$458.75 ,
43,Paulita,Delafoy,pdelafoy1a@weather.com,Female,Samsung Galaxy,Health,"$1,034.88 ",
44,Trudy,Luckey,tluckey1b@xinhuanet.com,Female,Fitbit Charge,Laptop,$621.93 ,
45,,Ganny,bganny1c@weibo.com,Male,Sony PlayStation,Gaming,"$1,042.19 ",
46,Nicholle,Jacklings,njacklings1e@icq.com,Female,Nike Air Max,Fashion,$998.79 ,
47,Garrick,Roy,groy1g@delicious.com,Male,Nike Air Max,Health,$819.70 ,
48,Lorianna,Yielding,lyielding1h@google.co.jp,Female,Nike Air Max,Fashion,$692.59 ,
49,Nisse,Loughead,nloughead1i@imdb.com,Female,Fitbit Charge,mobile accesories,$829.73 ,
50,Lyndel,Silver,lsilver1j@netvibes.com,Female,Fitbit Charge,Mobiles,"$1,192.54 ",
51,Falito,Varley,fvarley1k@instagram.com,Male,Fitbit Charge,Laptop,$640.93 ,
52,Maurine,Cristoforo,mcristoforo1m@pcworld.com,Female,MacBook Pro,Gaming,"$1,074.16 ",
53,Dulciana,Fullbrook,dfullbrook1n@wiley.com,Female,GoPro Hero,Health,$601.60 ,
54,Bondy,Castanone,bcastanone1p@infoseek.co.jp,Male,Nike Air Max,Gaming,$569.69 ,
55,Maribel,Denning,mdenning1q@hp.com,Female,Nintendo Switch,mobile accesories,$788.63 ,
56,Doll,Ciementini,dciementini1r@walmart.com,Female,Samsung Galaxy,Mobiles,$803.16 ,
57,Burr,Lindblad,blindblad1s@amazonaws.com,Male,Amazon Echo,Health,$202.05 ,
58,Raimundo,Budget,rbudget1t@ibm.com,Male,Nike Air Max,Gaming,$494.66 ,
59,Rowe,Yarr,ryarr1u@earthlink.net,Female,Sony PlayStation,Gaming,"$1,163.54 ",
60,Ryann,Goldsmith,rgoldsmith1w@bandcamp.com,Female,Nike Air Max,Health,"$1,469.71 ",
61,Menard,Preshaw,mpreshaw1x@drupal.org,Bigender,Fitbit Charge,mobile accesories,"$1,406.84 ",
62,Any,Jago,ajago1y@hatena.ne.jp,Male,iPhone,Laptop,$955.87 ,
63,Susie,Grimsdell,sgrimsdell1z@yellowpages.com,Female,Sony PlayStation,Health,"$1,482.36 ",
64,Malva,Bummfrey,mbummfrey20@amazonaws.com,Non-binary,Samsung Galaxy,mobile accesories,"$1,218.07 ",
65,Harlene,Shoppee,hshoppee21@scribd.com,Female,MacBook Pro,Laptop,$946.55 ,
66,Mitchael,Venour,mvenour22@cdbaby.com,Male,Nike Air Max,Fashion,$898.14 ,
67,Nathan,Balderson,nbalderson23@nih.gov,Male,Fitbit Charge,mobile accesories,"$1,474.00 ",
68,Jacques,Fincham,jfincham24@craigslist.org,Male,Fitbit Charge,Health,$352.27 ,
69,Giselbert,Marquot,gmarquot25@soundcloud.com,Male,Nike Air Max,mobile accesories,$986.79 ,
70,Beverlee,St Pierre,bstpierre26@berkeley.edu,Female,GoPro Hero,Laptop,$559.54 ,
71,Tobin,Leefe,tleefe27@google.com.br,Male,Amazon Echo,Gaming,"$1,274.43 ",
72,Garald,Coling,gcoling28@wiley.com,Male,Nike Air Max,Fashion,"$1,061.63 ",
73,Joanne,McCullum,jmccullum29@cisco.com,Female,Fitbit Charge,Gaming,$757.65 ,
74,Reinhard,Petrello,rpetrello2a@google.nl,Male,iPhone,Gaming,$205.32 ,
75,Lutero,Taberner,ltaberner2b@tinyurl.com,Male,Fitbit Charge,Laptop,$343.31 ,
76,Jackelyn,Bucknall,jbucknall2c@apple.com,Female,Fitbit Charge,Health,"$1,098.15 ",
77,Jeramey,Truckell,jtruckell2d@sfgate.com,Male,Sony PlayStation,Mobiles,"$1,457.79 ",
78,Cordula,Manssuer,cmanssuer2f@ucla.edu,Female,Sony PlayStation,Gaming,"$1,006.20 ",
79,Budd,Nockles,bnockles2g@liveinternet.ru,Male,Sony PlayStation,Health,"$1,098.78 ",
80,Maximo,Lacaze,mlacaze2h@jalbum.net,Non-binary,Nike Air Max,Gaming,$743.21 ,
81,Yorgos,Heyworth,yheyworth2i@sourceforge.net,Male,Fitbit Charge,Laptop,$266.32 ,
82,Rudie,Murphy,rmurphy2j@topsy.com,Male,iPhone,Fashion,$805.45 ,
83,Justinian,Prier,jprier2k@hao123.com,Male,Samsung Galaxy,Gaming,$193.16 ,
84,Lynette,Eberst,leberst2l@vimeo.com,Female,Samsung Galaxy,Gaming,$985.03 ,
85,Natalina,McPhelimy,nmcphelimy2m@economist.com,Female,Sony PlayStation,Mobiles,$473.79 ,
86,Giraldo,Joslin,gjoslin2o@tinypic.com,Genderqueer,Samsung Galaxy,Mobiles,$627.83 ,
87,Constantine,Lighton,clighton2p@guardian.co.uk,Female,Nike Air Max,Gaming,$715.16 ,
88,Peyton,Muff,pmuff2q@cdc.gov,Male,Sony PlayStation,mobile accesories,$44.71 ,
89,Alisander,Blare,ablare2r@hugedomains.com,Male,Nike Air Max,Gaming,$446.64 ,
90,Wilbur,Baton,wbaton2s@dyndns.org,Male,Sony PlayStation,Laptop,$126.60 ,
91,Giovanna,Beazey,gbeazey2u@godaddy.com,Agender,Fitbit Charge,Gaming,$682.93 ,
92,Nelli,Aubrey,naubrey2v@shop-pro.jp,Female,Amazon Echo,Gaming,"$1,006.18 ",
93,Pammi,Karle,pkarle2w@histats.com,Female,Nike Air Max,mobile accesories,"$1,081.13 ",
94,Lorenza,Baldassi,lbaldassi2x@geocities.jp,Female,Nike Air Max,Gaming,$607.94 ,
95,Denney,Weyland,dweyland2y@weibo.com,Male,iPhone,Gaming,$795.03 ,
96,Gilbertine,Kulicke,gkulicke2z@jugem.jp,Female,Fitbit Charge,Health,"$1,315.05 ",
97,Maegan,McGuiney,mmcguiney30@reddit.com,Genderqueer,Fitbit Charge,Gaming,$995.42 ,
98,Noellyn,Eskell,neskell31@1688.com,Non-binary,Fitbit Charge,Gaming,"$1,206.92 ",
99,Martyn,Kemston,mkemston32@joomla.org,Male,Fitbit Charge,Gaming,$819.33 ,
100,Terra,Ollis,tollis33@apache.org,Female,Nike Air Max,Laptop,"$1,425.99 ",
101,Joana,Bowshire,jbowshire34@sogou.com,Female,Canon EOS,Health,"$1,463.15 ",
102,Rena,Rossetti,rrossetti36@slashdot.org,Female,Amazon Echo,Laptop,"$1,400.62 ",
103,Jessee,Keasy,jkeasy37@barnesandnoble.com,Male,Nike Air Max,Fashion,$301.65 ,
104,Arline,Sibson,asibson38@ucoz.com,Female,Nike Air Max,mobile accesories,$565.03 ,
105,Jobyna,Haggard,jhaggard3a@t.co,Female,Nike Air Max,Health,$51.37 ,
106,Lancelot,Bocke,lbocke3b@cbc.ca,Male,Nike Air Max,Fashion,$109.44 ,
107,Tootsie,Tague,ttague3c@ca.gov,Female,iPhone,Fashion,$753.15 ,
108,Barbi,Walklott,bwalklott3d@ovh.net,Female,Nike Air Max,Gaming,$212.66 ,
109,Arlie,Jenkyn,ajenkyn3f@ycombinator.com,Female,MacBook Pro,Fashion,$61.54 ,
110,Lillian,Kroon,lkroon3g@mayoclinic.com,Female,iPhone,mobile accesories,$755.13 ,
111,Ivie,Peplaw,ipeplaw3h@gmpg.org,Female,Amazon Echo,Gaming,$156.32 ,
112,Ferdinand,Tatam,ftatam3i@ed.gov,Male,Sony PlayStation,Health,"$1,230.55 ",
113,,Chmiel,dchmiel3j@harvard.edu,Male,Samsung Galaxy,Fashion,$529.22 ,
114,Nikolas,McCulloch,nmcculloch3k@elpais.com,Male,Fitbit Charge,Gaming,"$1,389.15 ",
115,Lucretia,Corps,lcorps3l@paypal.com,Female,Amazon Echo,Laptop,$374.92 ,
116,Mattias,Filippello,mfilippello3m@ovh.net,Male,Sony PlayStation,Mobiles,$512.87 ,
117,Sargent,Galtone,sgaltone3n@smugmug.com,Non-binary,Amazon Echo,Laptop,$636.35 ,
118,Lindsey,Coope,lcoope3o@youtu.be,Polygender,iPhone,Laptop,$223.81 ,
119,Victoir,Hobbema,vhobbema3p@list-manage.com,Male,GoPro Hero,Fashion,$844.85 ,
120,Farrel,Landsbury,flandsbury3q@boston.com,Male,Samsung Galaxy,Health,$817.52 ,
121,Horton,Headford,hheadford3r@symantec.com,Male,Sony PlayStation,Mobiles,$65.38 ,
122,Chaunce,Shine,cshine3s@nytimes.com,Male,Samsung Galaxy,Gaming,$855.02 ,
123,Raymund,Effnert,reffnert3t@jigsy.com,Male,MacBook Pro,Fashion,"$1,260.36 ",
124,Tabb,Flacknoe,tflacknoe3u@nps.gov,Male,Fitbit Charge,Gaming,$253.08 ,
125,Naomi,Gildersleaves,ngildersleaves3w@tinyurl.com,Female,Sony PlayStation,Mobiles,$284.71 ,
126,Fannie,Goodbarr,fgoodbarr3x@sakura.ne.jp,Female,Sony PlayStation,Laptop,$686.73 ,
127,Charlean,Bonifazio,cbonifazio3y@nasa.gov,Female,Nike Air Max,Gaming,"$1,136.70 ",
128,Frederique,Maggill'Andreis,fmaggillandreis3z@census.gov,Polygender,Nintendo Switch,Fashion,"$1,194.90 ",
129,Deina,Shrimpling,dshrimpling40@google.fr,Female,MacBook Pro,Gaming,"$1,091.12 ",
130,Mathian,Trenholme,mtrenholme41@nih.gov,Bigender,Sony PlayStation,Laptop,$401.82 ,
131,Karolina,Allred,kallred42@livejournal.com,Female,Canon EOS,mobile accesories,$452.77 ,
132,Delaney,Strelitzki,dstrelitzki43@irs.gov,Male,Sony PlayStation,Laptop,$529.52 ,
133,Michelle,Sleightholm,msleightholm45@google.com.au,Bigender,MacBook Pro,Mobiles,$138.36 ,
134,Mirna,Goldney,mgoldney46@narod.ru,Female,Amazon Echo,Fashion,$232.42 ,
135,Hermine,Yule,hyule47@omniture.com,Female,Fitbit Charge,Laptop,$71.10 ,
136,Rick,Lesper,rlesper48@tmall.com,Male,Sony PlayStation,Gaming,$799.82 ,
137,Doria,Lackner,dlackner49@sfgate.com,Female,Nike Air Max,mobile accesories,"$1,394.70 ",
138,Rodger,Butte,rbutte4a@samsung.com,Male,Samsung Galaxy,mobile accesories,$793.57 ,
139,Kerrin,Bushby,kbushby4d@imageshack.us,Female,Nike Air Max,Mobiles,$800.77 ,
140,Consalve,Cominetti,ccominetti4e@cbsnews.com,Male,MacBook Pro,Laptop,"$1,218.79 ",
141,Lenee,Crasswell,lcrasswell4f@gov.uk,Female,Sony PlayStation,Gaming,"$1,156.56 ",
142,Dionne,Fitzer,dfitzer4g@economist.com,Female,Amazon Echo,mobile accesories,$221.83 ,
143,Caron,McLenahan,cmclenahan4h@blogger.com,Bigender,Amazon Echo,Mobiles,$694.31 ,
144,Daisi,Duckerin,dduckerin4i@jalbum.net,Female,Sony PlayStation,Laptop,"$1,218.18 ",
145,Dionisio,Voss,dvoss4j@marriott.com,Male,Amazon Echo,mobile accesories,"$1,409.60 ",
146,Marsiella,Elia,melia4k@sakura.ne.jp,Female,Fitbit Charge,Mobiles,"$1,224.70 ",
147,Andres,Downes,adownes4l@google.pl,Male,Fitbit Charge,Gaming,$513.44 ,
148,Danie,Grzelczak,dgrzelczak4m@cloudflare.com,Male,Fitbit Charge,Laptop,$196.53 ,
149,Pedro,Piperley,ppiperley4n@list-manage.com,Male,Sony PlayStation,Health,$412.36 ,
150,Beaufort,Viccars,bviccars4o@sina.com.cn,Genderqueer,Nike Air Max,Mobiles,"$1,221.57 ",
151,Jen,Soffe,jsoffe4p@mail.ru,Female,Nike Air Max,Health,$796.13 ,
152,Andrea,Collcutt,acollcutt4q@nationalgeographic.com,Male,Sony PlayStation,Fashion,$237.04 ,
153,,Cowterd,acowterd4s@github.com,Polygender,Sony PlayStation,Gaming,"$1,001.39 ",
154,Gris,Clifforth,gclifforth4t@ed.gov,Male,Samsung Galaxy,Health,"$1,467.20 ",
155,Anatola,Emblen,aemblen4u@myspace.com,Female,Nike Air Max,Fashion,"$1,486.71 ",
156,Pepito,Cron,pcron4v@samsung.com,Male,Sony PlayStation,Gaming,"$1,194.66 ",
157,Lynda,Silverthorne,lsilverthorne4w@upenn.edu,Bigender,Sony PlayStation,Gaming,$898.27 ,
158,Tammy,Suggett,tsuggett4x@google.com,Male,Fitbit Charge,Mobiles,"$1,139.92 ",
159,Fionnula,Trayling,ftrayling4y@netlog.com,Female,Sony PlayStation,Health,$646.01 ,
160,Klemens,Pimlott,kpimlott4z@cdc.gov,Polygender,Sony PlayStation,Fashion,"$1,115.91 ",
161,Bili,Braidon,bbraidon50@wikispaces.com,Female,Sony PlayStation,Laptop,"$1,150.05 ",
162,Deane,Glading,dglading51@mit.edu,Male,Nike Air Max,Fashion,$242.47 ,
163,Sheffie,Kenworthey,skenworthey52@imdb.com,Male,Sony PlayStation,Laptop,$556.13 ,
164,Laurie,Ivakhin,livakhin53@kickstarter.com,Female,Nintendo Switch,Gaming,$520.26 ,
165,Peyter,Giorgi,pgiorgi54@w3.org,Male,Sony PlayStation,Fashion,"$1,151.39 ",
166,Eberto,Frede,efrede55@cisco.com,Male,Nike Air Max,Mobiles,"$1,034.28 ",
167,Page,Grindell,pgrindell56@ask.com,Male,Sony PlayStation,Mobiles,"$1,380.62 ",
168,Allianora,Cunney,acunney57@harvard.edu,Female,Amazon Echo,Gaming,$403.82 ,
169,Guendolen,Cornford,gcornford58@instagram.com,Female,Sony PlayStation,Gaming,"$1,086.25 ",
170,Desmund,Accomb,daccomb59@cdc.gov,Male,Nike Air Max,Fashion,$887.50 ,
171,Alexis,Catcherside,acatcherside5a@hatena.ne.jp,Female,Amazon Echo,mobile accesories,"$1,211.29 ",
172,Annabela,Woodrow,awoodrow5b@behance.net,Female,Sony PlayStation,Fashion,$697.68 ,
173,Bartholemy,Carley,bcarley5d@google.it,Polygender,Amazon Echo,Health,$684.16 ,
174,Chester,Greiswood,cgreiswood5e@diigo.com,Male,MacBook Pro,Health,$710.35 ,
175,Rebekah,Masse,rmasse5f@slashdot.org,Genderfluid,Nike Air Max,Fashion,$801.90 ,
176,Jewel,Clamp,jclamp5g@dagondesign.com,Genderqueer,Amazon Echo,Gaming,$830.02 ,
177,Derk,Balnave,dbalnave5h@parallels.com,Male,Sony PlayStation,mobile accesories,$319.67 ,
178,Dori,Paice,dpaice5i@mayoclinic.com,Female,Sony PlayStation,Gaming,$877.81 ,
179,Raffarty,Ziemecki,rziemecki5j@nih.gov,Male,Amazon Echo,Fashion,$44.23 ,
180,Maurie,Hallows,mhallows5k@flickr.com,Male,Samsung Galaxy,Fashion,$405.35 ,
181,Cheri,Duplock,cduplock5l@blogtalkradio.com,Female,GoPro Hero,Gaming,$556.58 ,
182,Saloma,Marishenko,smarishenko5m@jigsy.com,Female,MacBook Pro,Health,"$1,002.05 ",
183,Marjy,Colin,mcolin5n@scientificamerican.com,Genderfluid,Sony PlayStation,Laptop,$612.28 ,
184,Derrick,Menault,dmenault5p@hao123.com,Male,Sony PlayStation,Laptop,$282.27 ,
185,Roosevelt,Luten,rluten5q@umich.edu,Male,GoPro Hero,mobile accesories,$477.86 ,
186,Boycie,Cheer,bcheer5s@vk.com,Male,Fitbit Charge,Health,$361.21 ,
187,Christel,Sizeland,csizeland5t@ovh.net,Female,Nike Air Max,Health,$845.02 ,
188,Corina,Fulford,cfulford5u@sakura.ne.jp,Female,Fitbit Charge,Fashion,$219.11 ,
189,Torrey,Haldene,thaldene5v@linkedin.com,Bigender,Nike Air Max,mobile accesories,"$1,001.82 ",
190,Lee,Cuffe,lcuffe5w@epa.gov,Female,Nike Air Max,Fashion,$329.19 ,
191,Silvie,Bexley,sbexley5x@bravesites.com,Female,Sony PlayStation,Health,$638.76 ,
192,Lonee,Monketon,lmonketon5y@illinois.edu,Female,Sony PlayStation,Laptop,"$1,252.72 ",
193,Tillie,Matussov,tmatussov5z@ycombinator.com,Female,Canon EOS,Laptop,$57.66 ,
194,Caddric,Ladley,cladley60@newyorker.com,Male,Samsung Galaxy,Fashion,"$1,004.03 ",
195,Fanny,Crother,fcrother61@forbes.com,Female,Sony PlayStation,Laptop,$636.49 ,
196,Russ,Pavett,rpavett62@reference.com,Male,Sony PlayStation,mobile accesories,$207.35 ,
197,Celestia,Vynall,cvynall63@jugem.jp,Female,Fitbit Charge,Health,$695.10 ,
198,Laurette,Curtoys,lcurtoys64@i2i.jp,Female,Canon EOS,Health,"$1,306.39 ",
199,Spence,Doore,sdoore65@nps.gov,Male,Nike Air Max,mobile accesories,"$1,263.75 ",
200,Sheelagh,Prattin,sprattin66@homestead.com,Female,Samsung Galaxy,Fashion,$216.41 ,
201,Sissy,Fownes,sfownes67@umich.edu,Female,Nike Air Max,mobile accesories,$933.84 ,
202,Renee,Chilvers,rchilvers68@mail.ru,Female,Sony PlayStation,Health,"$1,021.80 ",
203,Lorilyn,Beaves,lbeaves69@wsj.com,Female,Amazon Echo,Health,$780.36 ,
204,Luci,Hatt,lhatt6a@ovh.net,Female,Nike Air Max,Gaming,$741.28 ,
205,Reeba,Bitterton,rbitterton6b@fc2.com,Female,Sony PlayStation,Laptop,$489.03 ,
206,Crosby,Haspineall,chaspineall6c@ezinearticles.com,Male,Sony PlayStation,Fashion,"$1,455.33 ",
207,Fletch,Boothby,fboothby6d@answers.com,Non-binary,MacBook Pro,Mobiles,$580.76 ,
208,Melva,Swindell,mswindell6e@nhs.uk,Bigender,Fitbit Charge,Health,$29.67 ,
209,Jermayne,Eliot,jeliot6f@state.tx.us,Male,Fitbit Charge,Gaming,$101.78 ,
210,Ruthe,Beckingham,rbeckingham6g@stanford.edu,Female,Fitbit Charge,Fashion,$281.21 ,
211,Lyda,Proby,lproby6h@wsj.com,Genderfluid,Nike Air Max,Laptop,$312.88 ,
212,Taddeo,Odams,todams6i@fema.gov,Non-binary,Amazon Echo,Fashion,"$1,228.11 ",
213,Jacquenetta,Frankel,jfrankel6j@wikipedia.org,Female,Sony PlayStation,Laptop,"$1,088.58 ",
214,Antonie,Swannell,aswannell6k@joomla.org,Female,Amazon Echo,Health,$773.84 ,
215,Lib,Matt,lmatt6l@webnode.com,Female,Sony PlayStation,Gaming,$323.14 ,
216,Jackqueline,Brockelsby,jbrockelsby6m@tinyurl.com,Female,Nike Air Max,Fashion,"$1,021.54 ",
217,Julina,Measor,jmeasor6n@answers.com,Agender,GoPro Hero,mobile accesories,$446.33 ,
218,Kerr,Dubbin,kdubbin6o@cbslocal.com,Male,Sony PlayStation,Gaming,$840.40 ,
219,Scotty,Mustarde,smustarde6p@buzzfeed.com,Male,Sony PlayStation,mobile accesories,"$1,288.83 ",
220,Rebekkah,Dunton,rdunton6r@cnbc.com,Female,Nike Air Max,Health,"$1,168.25 ",
221,Lorri,Dumke,ldumke6s@123-reg.co.uk,Female,Nintendo Switch,Gaming,$119.91 ,
222,Vina,Staner,vstaner6t@stanford.edu,Female,Nike Air Max,Mobiles,"$1,304.74 ",
223,Filberte,Torresi,ftorresi6u@is.gd,Male,Sony PlayStation,Laptop,"$1,086.68 ",
224,Baxy,Domanek,bdomanek6v@hp.com,Male,Fitbit Charge,Fashion,$389.08 ,
225,Chrissy,Clawsley,cclawsley6x@irs.gov,Male,MacBook Pro,Gaming,$381.12 ,
226,Nobie,Sidwell,nsidwell6y@state.gov,Male,Fitbit Charge,Laptop,$542.36 ,
227,Noelani,Hayhoe,nhayhoe6z@com.com,Female,Amazon Echo,mobile accesories,$31.21 ,
228,Reece,Crosetti,rcrosetti70@blogtalkradio.com,Male,Fitbit Charge,Mobiles,"$1,312.52 ",
229,Costanza,Yerby,cyerby71@myspace.com,Female,Canon EOS,Fashion,$640.48 ,
230,Davidde,Witson,dwitson72@jalbum.net,Male,Fitbit Charge,Gaming,"$1,492.83 ",
231,Stanton,McAree,smcaree73@telegraph.co.uk,Male,Fitbit Charge,Fashion,$606.53 ,
232,Rowney,Cokely,rcokely75@engadget.com,Male,Fitbit Charge,Fashion,$533.43 ,
233,Minette,Aron,maron76@cisco.com,Female,Sony PlayStation,Laptop,"$1,293.63 ",
234,Ambrosius,Ralton,aralton77@prweb.com,Male,Nike Air Max,Health,"$1,018.38 ",
235,Enrika,O'Sharkey,eosharkey79@pbs.org,Polygender,Fitbit Charge,Laptop,"$1,201.61 ",
236,Zollie,Carrick,zcarrick7a@economist.com,Male,Nike Air Max,Health,"$1,283.54 ",
237,Keefer,Janczewski,kjanczewski7b@posterous.com,Male,Fitbit Charge,Gaming,"$1,134.19 ",
238,Flynn,Stilling,fstilling7c@theguardian.com,Genderqueer,GoPro Hero,Fashion,$658.76 ,
239,Georg,Alyutin,galyutin7d@csmonitor.com,Male,iPhone,mobile accesories,$995.88 ,
240,Isaak,Kollaschek,ikollaschek7e@netscape.com,Male,GoPro Hero,Mobiles,$272.57 ,
241,Wilhelm,Hynam,whynam7f@toplist.cz,Male,MacBook Pro,Laptop,$195.32 ,
242,Donna,Rumford,drumford7g@columbia.edu,Female,Nike Air Max,Health,$836.39 ,
243,Christin,Cardillo,ccardillo7i@hibu.com,Female,Fitbit Charge,Gaming,$87.11 ,
244,Daisey,Meineking,dmeineking7j@canalblog.com,Female,Amazon Echo,Gaming,$203.76 ,
245,Neale,Svanetti,nsvanetti7k@gizmodo.com,Male,Canon EOS,Gaming,"$1,384.94 ",
246,Josie,Oret,joret7l@alibaba.com,Female,Sony PlayStation,Laptop,$576.46 ,
247,Pier,Middlehurst,pmiddlehurst7m@pinterest.com,Female,Sony PlayStation,Health,$445.61 ,
248,Rudyard,Aksell,raksell7n@e-recht24.de,Male,Amazon Echo,Laptop,$605.26 ,
249,Catha,Iacobucci,ciacobucci7o@tiny.cc,Female,Amazon Echo,Mobiles,$533.95 ,
250,Free,Trewhela,ftrewhela7p@whitehouse.gov,Male,Fitbit Charge,Laptop,"$1,206.90 ",
251,Fey,Pegler,fpegler7q@prweb.com,Female,Sony PlayStation,Health,$543.67 ,
252,Anallise,Leathwood,aleathwood7s@gizmodo.com,Female,Fitbit Charge,mobile accesories,"$1,115.40 ",
253,Morten,Cummungs,mcummungs7t@blogspot.com,Male,Fitbit Charge,mobile accesories,$850.14 ,
254,Melania,Oakes,moakes7u@dropbox.com,Female,Sony PlayStation,Health,"$1,188.52 ",
255,Francklyn,Stubley,fstubley7v@imageshack.us,Male,Fitbit Charge,Fashion,"$1,204.80 ",
256,Tynan,Mityashin,tmityashin7x@dropbox.com,Male,Nike Air Max,Laptop,$487.35 ,
257,Mada,Vann,mvann7y@alibaba.com,Female,Amazon Echo,Health,"$1,495.31 ",
258,Jereme,Langsbury,jlangsbury7z@china.com.cn,Male,Nike Air Max,mobile accesories,"$1,255.17 ",
259,Alexander,Boal,aboal80@g.co,Male,Amazon Echo,Health,$472.83 ,
260,Benedikt,Toffoloni,btoffoloni81@ustream.tv,Male,Fitbit Charge,mobile accesories,$793.62 ,
261,Garv,Margrem,gmargrem83@disqus.com,Male,Amazon Echo,Gaming,"$1,159.66 ",
262,Jacenta,Lowis,jlowis84@senate.gov,Female,Nike Air Max,mobile accesories,"$1,005.10 ",
263,Jaye,Lathey,jlathey86@nba.com,Male,Nike Air Max,Gaming,$610.35 ,
264,Donielle,Emanuelli,demanuelli87@posterous.com,Female,Amazon Echo,Mobiles,$220.05 ,
265,Cindy,Cory,ccory88@craigslist.org,Female,Fitbit Charge,mobile accesories,$376.28 ,
266,Egor,Cradock,ecradock89@newyorker.com,Male,Canon EOS,Mobiles,"$1,094.68 ",
267,Emily,Cawkwell,ecawkwell8a@census.gov,Female,Sony PlayStation,Laptop,"$1,074.91 ",
268,Engracia,Dowdall,edowdall8b@list-manage.com,Female,Sony PlayStation,Laptop,"$1,481.09 ",
269,Griffie,Rosenschein,grosenschein8c@soundcloud.com,Male,Amazon Echo,Health,$697.98 ,
270,Frannie,Killgus,fkillgus8d@issuu.com,Female,Sony PlayStation,Gaming,"$1,156.16 ",
271,Millicent,Dundon,mdundon8e@usatoday.com,Female,Sony PlayStation,Health,$229.24 ,
272,Jehanna,Gansbuhler,jgansbuhler8f@wikimedia.org,Female,Fitbit Charge,mobile accesories,$892.57 ,
273,Vasilis,Higgoe,vhiggoe8g@spiegel.de,Male,Nike Air Max,Fashion,$496.62 ,
274,,Celle,bcelle8h@oracle.com,Female,Sony PlayStation,mobile accesories,"$1,347.18 ",
275,Janifer,Hughlin,jhughlin8i@joomla.org,Female,Fitbit Charge,Fashion,$921.11 ,
276,Alexandr,Roblin,aroblin8j@huffingtonpost.com,Male,GoPro Hero,Mobiles,$645.96 ,
277,Didi,Geator,dgeator8k@zimbio.com,Female,Samsung Galaxy,Fashion,"$1,410.04 ",
278,Melisandra,Caldow,mcaldow8m@forbes.com,Female,Amazon Echo,Mobiles,$903.86 ,
279,,Ballaam,rballaam8n@mashable.com,Female,Sony PlayStation,mobile accesories,$626.87 ,
280,Wayne,Neave,wneave8o@desdev.cn,Male,Fitbit Charge,Laptop,$916.08 ,
281,Katey,Empleton,kempleton8q@weebly.com,Female,Samsung Galaxy,Laptop,$510.14 ,
282,Flemming,Birwhistle,fbirwhistle8r@ifeng.com,Male,Sony PlayStation,Laptop,"$1,413.49 ",
283,Cammie,Kerfod,ckerfod8s@ibm.com,Bigender,Fitbit Charge,Mobiles,$293.41 ,
284,Wesley,Scutter,wscutter8t@nytimes.com,Male,Nike Air Max,Health,"$1,064.51 ",
285,Joelie,Van Der Weedenburg,jvanderweedenburg8u@scientificamerican.com,Female,Nike Air Max,Health,$573.14 ,
286,Menard,Crop,mcrop8v@gov.uk,Male,Amazon Echo,Health,$547.20 ,
287,Zedekiah,Mulcaster,zmulcaster8w@oaic.gov.au,Male,Nike Air Max,Fashion,$60.07 ,
288,Wynn,Scragg,wscragg8x@illinois.edu,Female,Fitbit Charge,mobile accesories,"$1,367.35 ",
289,Annissa,Craiker,acraiker8y@prnewswire.com,Female,Nintendo Switch,Laptop,$163.05 ,
290,Dietrich,Richmont,drichmont8z@geocities.com,Male,MacBook Pro,Fashion,"$1,208.27 ",
291,Taite,Ropkins,tropkins90@jalbum.net,Male,MacBook Pro,Fashion,$123.85 ,
292,Clay,Arnell,carnell91@tamu.edu,Polygender,Fitbit Charge,Laptop,$236.40 ,
293,Araldo,Zimmer,azimmer92@delicious.com,Male,Sony PlayStation,mobile accesories,$575.47 ,
294,Lettie,Scorer,lscorer93@storify.com,Female,GoPro Hero,Laptop,"$1,005.61 ",
295,Christos,Houselee,chouselee94@ow.ly,Male,Fitbit Charge,Health,"$1,250.81 ",
296,Blithe,Lots,blots95@ow.ly,Female,Fitbit Charge,Mobiles,$620.12 ,
297,Filide,Brockway,fbrockway96@symantec.com,Female,MacBook Pro,Fashion,$706.20 ,
298,Luise,Houston,lhouston97@ox.ac.uk,Female,Sony PlayStation,Gaming,$277.65 ,
299,Rubie,Thayre,rthayre98@who.int,Female,Amazon Echo,Mobiles,$149.98 ,
300,Quinton,Leatherland,qleatherland99@360.cn,Male,Fitbit Charge,Gaming,"$1,141.26 ",
301,Twila,Harley,tharley9a@rediff.com,Female,Amazon Echo,Gaming,"$1,359.70 ",
302,Ossie,Ginnane,oginnane9b@google.com.br,Male,Samsung Galaxy,Health,$619.56 ,
303,Flossy,Osban,fosban9c@bloomberg.com,Female,GoPro Hero,mobile accesories,$608.71 ,
304,Kaila,Innocent,kinnocent9d@webmd.com,Bigender,GoPro Hero,Health,"$1,329.02 ",
305,Prescott,Concklin,pconcklin9e@parallels.com,Male,Samsung Galaxy,Fashion,"$1,039.84 ",
306,Julina,Beumant,jbeumant9f@a8.net,Female,Fitbit Charge,Laptop,$432.31 ,
307,Read,Shaw,rshaw9g@skyrock.com,Male,Nike Air Max,Mobiles,"$1,323.92 ",
308,Carly,Blogg,cblogg9h@rambler.ru,Female,MacBook Pro,Laptop,$109.52 ,
309,Jasmina,Lutzmann,jlutzmann9i@cornell.edu,Female,Sony PlayStation,Health,$488.06 ,
310,Augustus,Parke,aparke9j@dailymail.co.uk,Male,Amazon Echo,mobile accesories,$596.75 ,
311,Peg,Gozzard,pgozzard9k@senate.gov,Female,Nike Air Max,Laptop,"$1,276.56 ",
312,Paddie,McCarthy,pmccarthy9l@so-net.ne.jp,Male,Nike Air Max,Health,"$1,490.28 ",
313,Sarge,O'Kuddyhy,sokuddyhy9m@topsy.com,Male,Fitbit Charge,Fashion,"$1,454.98 ",
314,Thomasina,Piddock,tpiddock9n@flickr.com,Female,Fitbit Charge,Laptop,$310.46 ,
315,Adeline,Giametti,agiametti9o@stumbleupon.com,Female,Sony PlayStation,Laptop,$784.09 ,
316,Lind,Cudmore,lcudmore9p@oracle.com,Female,Sony PlayStation,Mobiles,"$1,211.59 ",
317,Court,Cholerton,ccholerton9q@phpbb.com,Male,Sony PlayStation,Fashion,$49.13 ,
318,Kaylee,Guilloton,kguilloton9r@sbwire.com,Genderfluid,Nike Air Max,Gaming,$973.26 ,
319,Nils,Loggie,nloggie9s@cdc.gov,Male,Nike Air Max,Fashion,$552.32 ,
320,Dniren,Rust,drust9t@sina.com.cn,Agender,Samsung Galaxy,Laptop,$304.01 ,
321,Micheil,Yesinin,myesinin9u@nhs.uk,Male,Sony PlayStation,Fashion,"$1,103.15 ",
322,Mariana,Gude,mgude9v@usgs.gov,Female,iPhone,Mobiles,"$1,009.37 ",
323,,Caughey,wcaughey9w@mediafire.com,Male,Fitbit Charge,Mobiles,$680.52 ,
324,Lissy,Brun,lbrun9x@youku.com,Female,Amazon Echo,mobile accesories,$32.82 ,
325,Gillie,Riddeough,griddeough9y@pen.io,Female,MacBook Pro,mobile accesories,$731.81 ,
326,Haskel,Allchorne,hallchorne9z@com.com,Male,Samsung Galaxy,Gaming,$85.69 ,
327,Ramsay,Ellwell,rellwella0@51.la,Male,MacBook Pro,Fashion,$919.82 ,
328,Marjory,Glowacz,mglowacza1@abc.net.au,Female,Sony PlayStation,Health,"$1,312.92 ",
329,Freedman,Mirrlees,fmirrleesa3@independent.co.uk,Male,Fitbit Charge,Gaming,$589.54 ,
330,Maudie,Hurler,mhurlera4@census.gov,Female,Sony PlayStation,mobile accesories,$250.17 ,
331,Maryjo,Coneybeare,mconeybearea5@g.co,Female,Canon EOS,mobile accesories,$633.61 ,
332,Cass,Gretton,cgrettona6@epa.gov,Male,GoPro Hero,mobile accesories,"$1,044.17 ",
333,Arda,Iredale,airedalea7@opensource.org,Genderqueer,Sony PlayStation,Mobiles,$296.56 ,
334,Lissi,Gommey,lgommeya8@guardian.co.uk,Female,iPhone,Health,$627.31 ,
335,Ilario,Carles,icarlesa9@illinois.edu,Male,Fitbit Charge,Laptop,$92.24 ,
336,Richardo,Ciabatteri,rciabatteriaa@phoca.cz,Male,Nike Air Max,Mobiles,$642.65 ,
337,Gamaliel,Brandoni,gbrandoniab@sakura.ne.jp,Male,Fitbit Charge,Gaming,$651.77 ,
338,Noll,McRae,nmcraeac@economist.com,Male,Fitbit Charge,Fashion,$409.31 ,
339,Micheal,Sondland,msondlandad@dion.ne.jp,Male,Sony PlayStation,mobile accesories,$218.32 ,
340,Jamie,Widdocks,jwiddocksae@mlb.com,Female,GoPro Hero,Fashion,$258.18 ,
341,Ellene,Southall,esouthallaf@ftc.gov,Female,Sony PlayStation,Mobiles,$658.49 ,
342,Arel,Gwilt,agwiltag@wix.com,Male,Sony PlayStation,Gaming,"$1,126.55 ",
343,Timmie,Immings,timmingsah@who.int,Male,Sony PlayStation,Mobiles,$94.64 ,
344,Ericha,Chippin,echippinai@wikipedia.org,Female,iPhone,mobile accesories,$704.85 ,
345,Maurizia,Gentner,mgentnerak@biglobe.ne.jp,Female,iPhone,Gaming,"$1,039.24 ",
346,Shepard,Seath,sseathal@cargocollective.com,Male,Nintendo Switch,Fashion,"$1,455.83 ",
347,Wally,Connar,wconnaram@dot.gov,Agender,Sony PlayStation,Mobiles,$394.82 ,
348,Anselm,Kapiloff,akapiloffan@wisc.edu,Male,MacBook Pro,mobile accesories,$301.07 ,
349,Arel,Kluss,aklussao@ucsd.edu,Male,Nintendo Switch,Laptop,$937.45 ,
350,Kaia,McMenamin,kmcmenaminap@yellowbook.com,Female,Nike Air Max,mobile accesories,$326.30 ,
351,Janelle,Verlinden,jverlindenaq@mapy.cz,Female,Sony PlayStation,mobile accesories,$740.84 ,
352,Penn,Dayton,pdaytonar@prweb.com,Male,Sony PlayStation,Health,$715.59 ,
353,Rowland,Maccari,rmaccarias@usa.gov,Male,GoPro Hero,Laptop,"$1,348.77 ",
354,Rollie,Neillans,rneillansat@51.la,Male,MacBook Pro,Laptop,"$1,407.81 ",
355,Bessy,Tidd,btiddau@opera.com,Female,GoPro Hero,Laptop,$201.79 ,
356,Bella,Winward,bwinwardav@studiopress.com,Female,Sony PlayStation,Mobiles,"$1,052.56 ",
357,Bill,But,bbutaw@nhs.uk,Female,Amazon Echo,Laptop,$802.39 ,
358,Felipa,Wildt,fwildtax@themeforest.net,Female,iPhone,Health,"$1,004.33 ",
359,Alaster,Kubalek,akubalekay@examiner.com,Male,Samsung Galaxy,mobile accesories,$32.26 ,
360,Desmond,Russan,drussanaz@house.gov,Male,Nike Air Max,Fashion,$552.76 ,
361,Lanie,Rheam,lrheamb0@is.gd,Female,Sony PlayStation,Fashion,$549.88 ,
362,Evangelia,Button,ebuttonb1@pinterest.com,Female,Amazon Echo,Mobiles,$605.19 ,
363,Fields,Castane,fcastaneb2@yale.edu,Male,Nike Air Max,Mobiles,$213.57 ,
364,Jervis,Monteaux,jmonteauxb3@slashdot.org,Male,Nike Air Max,Mobiles,"$1,366.38 ",
365,Hedy,Kingham,hkinghamb4@uiuc.edu,Female,Amazon Echo,Mobiles,"$1,416.59 ",
366,Ricardo,Ungaretti,rungarettib5@wufoo.com,Male,MacBook Pro,Health,"$1,307.18 ",
367,Ettie,Messier,emessierb6@behance.net,Female,Amazon Echo,Mobiles,$192.37 ,
368,Myrah,Mee,mmeeb7@scientificamerican.com,Female,Amazon Echo,Mobiles,"$1,455.00 ",
369,Sandy,Moses,smosesb8@stumbleupon.com,Female,Fitbit Charge,mobile accesories,$260.24 ,
370,Josi,Dargue,jdargueb9@sogou.com,Female,Sony PlayStation,Laptop,$329.75 ,
371,Dar,Bather,dbatherba@live.com,Male,Fitbit Charge,Laptop,"$1,018.20 ",
372,Keane,Du Pre,kduprebb@eepurl.com,Male,Fitbit Charge,mobile accesories,"$1,080.22 ",
373,Luke,Arnow,larnowbc@biglobe.ne.jp,Male,Sony PlayStation,Mobiles,$598.78 ,
374,Kenyon,Knowlys,kknowlysbd@domainmarket.com,Male,MacBook Pro,Laptop,"$1,381.49 ",
375,Paddy,Blaik,pblaikbf@ebay.com,Male,Nike Air Max,Laptop,$214.68 ,
376,Roberta,Ladloe,rladloebg@cafepress.com,Female,Sony PlayStation,Fashion,$43.44 ,
377,Pen,Jennaway,pjennawaybi@wikipedia.org,Male,GoPro Hero,Mobiles,$794.26 ,
378,Noach,Keford,nkefordbj@people.com.cn,Male,Samsung Galaxy,Laptop,$601.00 ,
379,Augustine,Killough,akilloughbk@google.com.br,Female,Nike Air Max,Laptop,$586.31 ,
380,Edmon,Pundy,epundybl@ted.com,Male,Sony PlayStation,Health,$297.38 ,
381,Lianne,Gallen,lgallenbm@ft.com,Female,MacBook Pro,Gaming,"$1,432.42 ",
382,Zorana,Pavolillo,zpavolillobn@mac.com,Female,GoPro Hero,Fashion,$870.48 ,
383,Wanda,Bittlestone,wbittlestonebo@dell.com,Female,GoPro Hero,Fashion,"$1,399.80 ",
384,Doralynn,Stot,dstotbp@issuu.com,Female,MacBook Pro,mobile accesories,$254.27 ,
385,Stephi,Edmonds,sedmondsbq@infoseek.co.jp,Female,Sony PlayStation,Health,$116.36 ,
386,Taddeo,Dickson,tdicksonbr@ox.ac.uk,Male,Sony PlayStation,Health,$179.91 ,
387,Coletta,Fleeming,cfleemingbs@ocn.ne.jp,Female,Sony PlayStation,Fashion,"$1,107.47 ",
388,Wallie,Phipps,wphippsbt@sfgate.com,Male,MacBook Pro,Health,"$1,476.99 ",
389,Rosette,Granleese,rgranleesebu@netvibes.com,Female,Fitbit Charge,mobile accesories,"$1,268.06 ",
390,Magdalene,Antoniou,mantonioubv@printfriendly.com,Female,Nike Air Max,Gaming,$186.26 ,
391,Chester,Ludgate,cludgatebw@wp.com,Male,Nike Air Max,mobile accesories,"$1,094.10 ",
392,Bogey,Carress,bcarressbx@cisco.com,Polygender,Samsung Galaxy,Health,$976.67 ,
393,Keefe,Yurenev,kyurenevby@google.co.uk,Male,Canon EOS,mobile accesories,$896.88 ,
394,Shane,Brown,sbrownbz@unc.edu,Male,Fitbit Charge,Fashion,$590.99 ,
395,Harriett,Steanyng,hsteanyngc0@newsvine.com,Genderqueer,Fitbit Charge,mobile accesories,$419.43 ,
396,,Reditt,credittc1@cbslocal.com,Male,Amazon Echo,Health,$519.41 ,
397,Dolli,Bettles,dbettlesc2@mapy.cz,Female,Nike Air Max,Health,$26.88 ,
398,Van,Pearmine,vpearminec3@statcounter.com,Agender,Fitbit Charge,Mobiles,$872.38 ,
399,Gage,Kenwood,gkenwoodc4@ed.gov,Genderfluid,Nike Air Max,Health,"$1,424.42 ",
400,Elly,Lowther,elowtherc5@miitbeian.gov.cn,Female,Amazon Echo,Gaming,$86.51 ,
401,Rutledge,Dutch,rdutchc6@uiuc.edu,Non-binary,Nike Air Max,Fashion,$381.47 ,
402,Willie,Dallander,wdallanderc7@ihg.com,Male,Nike Air Max,Gaming,$308.65 ,
403,Elayne,Godball,egodballc8@reverbnation.com,Female,Amazon Echo,Gaming,"$1,037.34 ",
404,Hymie,Rowney,hrowneyc9@theatlantic.com,Male,Sony PlayStation,Laptop,$803.28 ,
405,Malvin,Gaynes,mgaynesca@sun.com,Male,GoPro Hero,mobile accesories,$919.58 ,
406,Jeddy,Tattershall,jtattershallcb@omniture.com,Agender,Fitbit Charge,Fashion,$398.71 ,
407,Ferrell,Eiler,feilercc@flavors.me,Male,MacBook Pro,Laptop,$520.02 ,
408,Piper,Ferfulle,pferfullecd@google.pl,Agender,MacBook Pro,Mobiles,$782.42 ,
409,Bibbie,Beauly,bbeaulyce@stanford.edu,Female,GoPro Hero,Mobiles,$277.11 ,
410,Marne,Eyckelberg,meyckelbergcg@bbc.co.uk,Female,Nike Air Max,Health,$302.98 ,
411,Drucie,Wayvill,dwayvillch@1und1.de,Female,Sony PlayStation,Health,"$1,311.70 ",
412,Jard,Boken,jbokenci@xing.com,Male,Amazon Echo,Gaming,$285.33 ,
413,Christophorus,Millan,cmillancj@amazonaws.com,Male,Samsung Galaxy,Fashion,$613.32 ,
414,Hakeem,Skirven,hskirvenck@people.com.cn,Male,Amazon Echo,Laptop,$219.88 ,
415,Violette,Oland,volandcl@sciencedirect.com,Female,Canon EOS,Laptop,$106.70 ,
416,Gusta,Cordoba,gcordobacm@linkedin.com,Female,MacBook Pro,Gaming,"$1,388.10 ",
417,Leontine,Jubert,ljubertco@homestead.com,Female,Nike Air Max,Laptop,$349.27 ,
418,Hally,Maliffe,hmaliffecp@ustream.tv,Female,MacBook Pro,Health,"$1,260.12 ",
419,Tiffy,Ronca,troncacq@nih.gov,Female,Sony PlayStation,Fashion,$505.42 ,
420,Arie,Langelay,alangelaycr@state.tx.us,Polygender,Nintendo Switch,Laptop,$150.47 ,
421,Josee,Greenless,jgreenlesscs@sciencedaily.com,Agender,Fitbit Charge,Laptop,"$1,378.86 ",
422,Alejandrina,Rosgen,arosgenct@amazonaws.com,Female,Sony PlayStation,mobile accesories,"$1,499.99 ",
423,Cheslie,Custard,ccustardcu@elpais.com,Female,Sony PlayStation,Gaming,$91.03 ,
424,Timothee,Wathen,twathencv@samsung.com,Male,Sony PlayStation,Gaming,$697.19 ,
425,Vachel,Boyet,vboyetcw@usgs.gov,Male,Nintendo Switch,Gaming,"$1,090.71 ",
426,Sherrie,Lyfe,slyfecx@nhs.uk,Female,Nike Air Max,Laptop,$417.28 ,
427,Timothee,Hurry,thurrycy@washingtonpost.com,Male,Sony PlayStation,mobile accesories,"$1,420.41 ",
428,Byrann,Jochen,bjochencz@ask.com,Male,GoPro Hero,mobile accesories,$63.13 ,
429,Dukey,Musicka,dmusickad0@ehow.com,Male,Nike Air Max,Fashion,"$1,487.13 ",
430,Fanchon,Limmer,flimmerd1@so-net.ne.jp,Female,MacBook Pro,mobile accesories,"$1,443.93 ",
431,Salaidh,Duff,sduffd2@indiatimes.com,Female,Sony PlayStation,Health,$695.66 ,
432,Karry,Pigny,kpignyd3@elpais.com,Female,MacBook Pro,Laptop,$457.66 ,
433,Olympe,Fridaye,ofridayed5@ucla.edu,Female,Nike Air Max,Gaming,"$1,038.28 ",
434,Marisa,Hollidge,mhollidged6@gnu.org,Agender,Nintendo Switch,Health,$182.34 ,
435,Issi,Kick,ikickd7@yahoo.com,Female,Nike Air Max,Health,$957.05 ,
436,Morton,Clemot,mclemotd8@princeton.edu,Male,Sony PlayStation,Fashion,$636.49 ,
437,Robyn,Fenix,rfenixd9@eventbrite.com,Non-binary,Nike Air Max,Laptop,"$1,094.26 ",
438,Chane,Alexis,calexisda@usgs.gov,Male,Sony PlayStation,Laptop,$705.91 ,
439,Nye,Albarez,nalbarezdb@discuz.net,Male,Sony PlayStation,mobile accesories,"$1,046.48 ",
440,Kinnie,Alexis,kalexisdc@independent.co.uk,Male,MacBook Pro,Laptop,"$1,363.49 ",
441,Berkley,Pullen,bpullendd@amazon.co.uk,Male,Fitbit Charge,Fashion,$41.12 ,
442,Clerissa,Quickfall,cquickfallde@sphinn.com,Female,Nike Air Max,Health,$77.75 ,
443,Wit,Abrey,wabreydf@imageshack.us,Male,Sony PlayStation,Gaming,$349.12 ,
444,Micheil,Spight,mspightdg@yale.edu,Male,Sony PlayStation,Gaming,$869.51 ,
445,Elnar,Sappell,esappelldh@surveymonkey.com,Male,GoPro Hero,mobile accesories,"$1,419.13 ",
446,Arlinda,Avramovsky,aavramovskydi@ovh.net,Agender,iPhone,Gaming,$221.51 ,
447,Lenka,Murrigan,lmurrigandj@psu.edu,Female,Amazon Echo,mobile accesories,$603.16 ,
448,Tiler,Filkov,tfilkovdk@webeden.co.uk,Male,Amazon Echo,Mobiles,$372.10 ,
449,Sara-ann,Strass,sstrassdl@nature.com,Female,Nike Air Max,Fashion,$592.62 ,
450,Burt,Gladhill,bgladhilldm@webnode.com,Male,MacBook Pro,Gaming,$881.15 ,
451,Kylie,Ridgedell,kridgedelldn@newyorker.com,Female,Sony PlayStation,Mobiles,"$1,040.27 ",
452,Alfred,Cobby,acobbydo@gov.uk,Male,Fitbit Charge,mobile accesories,$211.31 ,
453,Gonzalo,Gotfrey,ggotfreydp@merriam-webster.com,Male,Sony PlayStation,Gaming,$135.80 ,
454,Anne,Kunath,akunathdq@cbslocal.com,Female,Fitbit Charge,mobile accesories,$954.62 ,
455,Isidore,Dorrins,idorrinsdr@census.gov,Male,Amazon Echo,Mobiles,$917.67 ,
456,Mirilla,Fry,mfryds@sciencedaily.com,Female,MacBook Pro,mobile accesories,$293.32 ,
457,Addy,Uff,auffdt@constantcontact.com,Female,Amazon Echo,mobile accesories,$983.96 ,
458,Lona,Zorzutti,lzorzuttidu@reference.com,Agender,Sony PlayStation,mobile accesories,$901.79 ,
459,Charlton,Ditzel,cditzeldv@ocn.ne.jp,Genderqueer,Amazon Echo,Health,"$1,439.57 ",
,,,,,,,,
,,,,,,,,
,,,,,,,,
,,,,,,,,
,,,,,,,,
,,,,,,,,
,,,,,,,,
,,,,,,,,
,,,,,,,,
,,,,,,,,
,,,,,,,,
,,,,,,,,
,,,,,,,,
,,,,,,,,
,,,,,,,,
,,,,,,,,
,,,,,,,,
,,,,,,,,
,,,,,,,,
,,,,,,,,
,,,,,,,,
,,,,,,,,
,,,,,,,,
,,,,,,,,
,,,,,,,,
,,,,,,,,
,,,,,,,,
,,,,,,,,
,,,,,,,,
,,,,,,,,
,,,,,,,,
,,,,,,,,
